,Training Loss,Validation Loss
Epoch 1,0.10344494864728868,0.11701137820879619
Epoch 2,0.09818315112317531,0.12367808322111766
Epoch 3,0.09526798245643818,0.119808462758859
Epoch 4,0.09156292812060832,0.11877668897310893
Epoch 5,0.08625562538133993,0.12126929561297099
