,Atelectasis,Cardiomegaly,Consolidation,Edema,Plural Effusion,Mean
Epoch 1,0.673475258918297,0.7850601779173209,0.7950182452800254,0.6954677975086139,0.7002301495972383,0.729850325844299
