,Atelectasis,Cardiomegaly,Consolidation,Edema,Plural Effusion,Mean
Epoch 1,0.46892980437284226,0.5807169021454736,0.5135649690623513,0.46249668698648294,0.37130801687763715,0.4794032758889575
