,Training Loss,Validation Loss
Epoch 1,0.24438165860970815,0.21403931800661416
