,Atelectasis,Cardiomegaly,Consolidation,Edema,Plural Effusion,Mean
Epoch 1,0.7634505021520804,0.881283422459893,0.8693467336683417,0.7688425581202945,0.8218327856882074,0.8209512004177635
