,Atelectasis,Cardiomegaly,Consolidation,Edema,Plural Effusion,Mean
Epoch 1,0.7170605341561164,0.7830465901983618,0.6256346385287432,0.6360976878246785,0.7979785739304776,0.7119636049276754
