,Training Loss,Validation Loss
Epoch 1,0.4781742757702959,0.4173519994531359
Epoch 2,0.37027596016739034,0.4112787757601057
Epoch 3,0.36105070344754,0.3991235962935856
Epoch 4,0.35728957018633484,0.39807651724134174
Epoch 5,0.35526964208309886,0.3999392219952175
Epoch 6,0.35345087354607974,0.40033010074070524
Epoch 7,0.3531041201919444,0.40041172930172514
Epoch 8,0.35347890301182294,0.3993156445877893
Epoch 9,0.3530570791549398,0.3997627837317331
Epoch 10,0.3531975597885052,0.3993501088448933
