,Atelectasis,Cardiomegaly,Consolidation,Edema,Plural Effusion,Mean
Epoch 1,0.6046782282318159,0.7018924887588932,0.5833439968167418,0.575676020113765,0.6582001545884951,0.6247581777019422
