,Training Loss,Validation Loss
Epoch 1,2.454384057314942,0.6271619839327676
