,Training Loss,Validation Loss
Epoch 1,2.9899828403279987,0.000698196011528905
