,Atelectasis,Cardiomegaly,Consolidation,Edema,Plural Effusion,Mean
Epoch 1,0.7237245876486382,0.7919937205651492,0.8115183246073299,0.6682569131548723,0.7002301495972381,0.7391447391146455
Epoch 2,0.738108937476026,0.7904238618524333,0.8194510550531492,0.7129605088788762,0.6974491752972766,0.7516787077115522
