,Training Loss,Validation Loss
Epoch 1,0.11831709704779916,0.15064775706108274
