,Training Loss,Validation Loss
Epoch 1,0.11836251877057884,0.14931248475251527
