,Training Loss,Validation Loss
Epoch 1,2.454384057314942,0.12436673577342715
