,Atelectasis,Cardiomegaly,Consolidation,Edema,Plural Effusion,Mean
Epoch 1,0.467853299856528,0.5242424242424242,0.5178924927668647,0.40233308513278726,0.4408999634903249,0.4706442530977858
