,Atelectasis,Cardiomegaly,Consolidation,Edema,Plural Effusion,Mean
Epoch 1,0.8574104840248544,0.8543989853166305,0.7023593884478374,0.709383010388109,0.8775743382410539,0.800225241283697
