,Atelectasis,Cardiomegaly,Consolidation,Edema,Plural Effusion,Mean
Epoch 1,0.6805715381664749,0.7997121925693353,0.807075995557671,0.7049209294107253,0.7018603759110089,0.738828206323043
