,Atelectasis,Cardiomegaly,Consolidation,Edema,Plural Effusion,Mean
Epoch 1,0.4958949647899024,0.5135587993185704,0.49760392134423304,0.503515025464636,0.5095042638051279,0.5040153949444939
Epoch 2,0.5379760803943858,0.5812432889904582,0.5269489600365793,0.5286304751976232,0.568035505331787,0.5485668619901667
