,Atelectasis,Cardiomegaly,Consolidation,Edema,Plural Effusion,Mean
Epoch 1,0.8103183736095129,0.8956043956043955,0.8191337458353166,0.788055481933033,0.8957614115841963,0.8417746817132908
