,Atelectasis,Cardiomegaly,Consolidation,Edema,Plural Effusion,Mean
Epoch 1,0.6561098514076316,0.7276190507593263,0.6087533373026006,0.5993365404720877,0.6924712414307823,0.6568580042744857
