,Atelectasis,Cardiomegaly,Consolidation,Edema,Plural Effusion,Mean
Epoch 1,0.7237245876486382,0.7919937205651492,0.8115183246073299,0.6682569131548723,0.7002301495972381,0.7391447391146455
