,Training Loss,Validation Loss
Epoch 1,2.2191045268797773,0.10282052627631597
