,Atelectasis,Cardiomegaly,Consolidation,Edema,Plural Effusion,Mean
Epoch 1,0.49398586645749004,0.497527325347245,0.49988796483787856,0.5032102149101932,0.49986962067120333,0.49889619844480204
