,Atelectasis,Cardiomegaly,Consolidation,Edema,Plural Effusion,Mean
Epoch 1,0.5427725968436155,0.5015448603683899,0.5647936652961779,0.5844709191693556,0.5693683826213947,0.5525900848597868
Epoch 2,0.777528694404591,0.7351158645276292,0.8043246535708848,0.7316124762141144,0.7393209200438117,0.7575805217522062
