,Training Loss,Validation Loss
Epoch 1,2.2191045268797773,0.10282052627631597
Epoch 2,0.5829226930399198,0.12236484459468297
