,Training Loss,Validation Loss
Epoch 1,2.277899031597554,0.14620655136448996
Epoch 2,0.5773101715241183,0.15188033240182058
