,Atelectasis,Cardiomegaly,Consolidation,Edema,Plural Effusion,Mean
Epoch 1,0.8103183736095129,0.8956043956043955,0.8191337458353166,0.788055481933033,0.8957614115841963,0.8417746817132908
Epoch 2,0.8055235903337169,0.8933804290947147,0.8362684435982866,0.7904408516653414,0.898542385884158,0.8448311401152436
Epoch 3,0.805427694668201,0.8931187859759289,0.8402348088211963,0.7921194451806697,0.8995013425393172,0.8460804154370626
Epoch 4,0.8052359033371692,0.8931187859759289,0.8405521180390291,0.7922961392349147,0.8994054468738013,0.8461216786921686
