,Atelectasis,Cardiomegaly,Consolidation,Edema,Plural Effusion,Mean
Epoch 1,0.6805715381664749,0.7997121925693353,0.807075995557671,0.7049209294107253,0.7018603759110089,0.738828206323043
Epoch 2,0.7102032988108937,0.8139717425431712,0.8235760748849754,0.7205583532114145,0.7130801687763714,0.7562779276453652
