,Training Loss,Validation Loss
Epoch 1,-0.6007200609723727,0.053589128022050035
