,Training Loss,Validation Loss
Epoch 1,2.454384057314942,0.1148088350892067
Epoch 2,0.5626569271172432,0.15074737050703593
