,Atelectasis,Cardiomegaly,Consolidation,Edema,Plural Effusion,Mean
Epoch 1,0.673475258918297,0.7850601779173209,0.7950182452800254,0.6954677975086139,0.7002301495972383,0.729850325844299
Epoch 2,0.6884349827387801,0.8100470957613815,0.8058067586863398,0.7090732396854845,0.7113540467970848,0.7449432247338141
