,Training Loss,Validation Loss
Epoch 1,2.454384057314942,0.12436673577342715
Epoch 2,0.5626183047275963,0.13540207701069967
