,Atelectasis,Cardiomegaly,Consolidation,Edema,Plural Effusion,Mean
Epoch 1,0.5046955872671353,0.49853132177359016,0.5046970252558718,0.4969488108101237,0.5011198039636107,0.5011985098140663
