,Atelectasis,Cardiomegaly,Consolidation,Edema,Plural Effusion,Mean
Epoch 1,0.7500896700143472,0.885086155674391,0.8483325719506624,0.7800943162074956,0.8402701715954728,0.8207745770884738
