,Training Loss,Validation Loss
Epoch 1,0.4781742757702959,0.4173519994531359
