,Training Loss,Validation Loss
Epoch 1,0.13950454435547194,0.17578520715750498
Epoch 2,0.13718344621707995,0.16354387253522873
