,Atelectasis,Cardiomegaly,Consolidation,Edema,Plural Effusion,Mean
Epoch 1,0.4917055236728838,0.5587046939988116,0.44784528704126697,0.47058823529411764,0.4117378605330413,0.4761163201080243
