,Atelectasis,Cardiomegaly,Consolidation,Edema,Plural Effusion,Mean
Epoch 1,0.7107766276743996,0.783068666674992,0.6262741584524159,0.6421976936026761,0.7975063433626706,0.7119646979534309
