,Atelectasis,Cardiomegaly,Consolidation,Edema,Plural Effusion,Mean
Epoch 1,0.6980245492903722,0.7536630036630038,0.8202443280977313,0.6656948493683187,0.6935174530111239,0.7262288366861099
Epoch 2,0.6939010356731875,0.7845368916797488,0.8137394891321593,0.6752363282975528,0.6916954353663214,0.7318218360297939
