,Atelectasis,Cardiomegaly,Consolidation,Edema,Plural Effusion,Mean
Epoch 1,0.49399457500248767,0.5010595965299892,0.4982526840600583,0.5018932828061163,0.5061957863484694,0.5002791849494241
